channel_id,name,customurl,published_date,thumbnail_url,description,country,keywords,topic,created_at,active
UCr90FXGOO8nAE9B6FAUeTNA,MASA,@masacooking,2010-09-24 13:25:56,https://yt3.ggpht.com/ytc/AIf8zZR4_0Jro_k9FkQmL47AM14cihMqJ65lvwX4YJuxZfQ=s800-c-k-c0x00ffffff-no-rj,"您好!! 我是MASA! 我是日本人. 
我是宅男廚師…(*￣∇￣*).
以前在日本，法國料理餐廳的廚師，後來去加拿大開始
學英文跟商業管理後，經營餐廳。現在搬到台灣。
指導料理，顧問餐廳。住在國外，總共已經有25年以上 。
發現，不管那國人，很多人覺得，
煮菜=很累，很辛苦，很麻煩…
我想要改正這個方程式。煮菜=好玩，快樂，幸福!!
當然有時候我也覺得煮菜很累，很麻煩。所以我知道怎
麼做比較輕鬆，好玩煮菜。
25年的廚師經驗+(初級的)中文+
電腦知識+料理撮影技術
= “手工” 網站『MASAの料理ABC』誕生！
我每次多說, 味道很重要，但是，最重要
是[您自己(煮菜的人)一定要享受煮菜的時間]
不管結果怎麼樣，不要太怕失敗..
您開心繼續做料理! 後來，技術越來越好!! 然後家人
發現，您煮的菜比餐廳吃的好很多!!
廚房是您的快樂園! 進去廚房煮泡麵加
一個雞蛋也是您做的[美味料理!!]
我只想要幫忙大家收到煮菜好玩, 很愉快的 Feeling!!
我儘量努力介紹大家想要知道的料理.
我們一起成長!! 一起享受做料理!!! (*⌒O⌒*) /～♪
MASA


[運營] MASAの料理ABC
[所属] muck'n ~culinary consultancy~
開發食譜, 攝影, 插畫, 推銷活動, 
網站推銷
[聯絡] bigway1688@gmail.com",TW,"食譜 料理 日本料理 美食 廚藝 料理影片 cooking ""Japanese food"" MASA","Food, Lifestyle_(sociology)",2024-02-04 12:30:20+00,f
UCnWCj9UofS6OxSK34xWvKCg,Roman and Sharon,@romanandsharon,2022-04-18 09:20:03.547275,https://yt3.ggpht.com/0tGk-aFvKuaMK9hoJ0AwB0lRdm92o4wEqvIwVpuHmgtSMp1Bx0W0Mu6fHw52s6jYCtz6T9Txqg=s800-c-k-c0x00ffffff-no-rj,"Roman & Sharon
SUBSCRIBE FOR A HUG!

Free gift on our website - romanandsharon.com
Business: lily@romanandsharon.com
",TW,"shorts ""youtube shorts"" 異國戀 外國人 台灣 台灣情侶 ""mixed culture relationship"" couple Taiwan 外國人看台灣 跨國戀 taiwan ""shorts video"" ""shorts youtube"" ""shorts funny"" ""shorts music"" 台灣女人 台灣女朋友 台灣女歌手 台灣女孩 ""funny video"" ""fun video"" interesting 好笑 非常有趣 有趣的視頻 笑死 有趣的 短視頻 漂亮的女孩 台灣美女 好姑娘 漂亮的學生 台灣人 台灣搞笑視頻 台灣的外國人 俄羅斯人 ""funny things"" 異國戀情 異國戀情侶 ""異國戀 見面"" ""best shorts""","Lifestyle_(sociology), Entertainment",2024-02-04 12:30:20+00,f
UCXpxKdZAiyUEaTkoCPpEZzg,葉式特工Yes Ranger,@yekon1,2011-09-26 16:24:08,https://yt3.ggpht.com/NYjlTxiJbTZ74BK3AJmRqUwDTvTXU9B-JexB07p0qQkOPIRk3UO7aaZWftY098nQXlwesLxrwA=s800-c-k-c0x00ffffff-no-rj,"台灣唯一劇情特效短片YouTuber
我就想看看 沒有網紅魅力 只靠努力 認真 走一條最辛苦的路 能走多遠。

成員 - 
葉公 (導演編劇)
哲修 (特效合成)
敬淵 (美術道具) 
喬翔 (攝影調光)
樺樺 (製片)
怡姍 (3D特效)

冗員 -
派派 (冰箱管理員)
吉祥&千歲 (吉祥物 老鼠殺手 蟑螂毀滅者)

| 里程碑 |  2020年 全世界電玩遊戲觀看最高的電玩類影片

電腦硬體－
AMD threadripper 3990x / Kingston 金士頓 記憶體 / GIGABYTE WRX80 /
Darkflash Dlx 21(機殼) / 喜天電腦
",TW,,"Video_game_culture, Entertainment, Lifestyle_(sociology)",2024-02-04 12:30:20+00,f
UCFUtqTcgJgRnmZ3tMU6P74Q,Namewee,@namewee,2006-09-29 01:23:14,https://yt3.ggpht.com/C9x9DkjWeUtrajNFe74umx4XT4u5BtPi5cEK6KrwIyKh7xyUatZmAiwBnkTbm6efcH_EQSQwPqw=s800-c-k-c0x00ffffff-no-nd-rj,"
",TW,,"Entertainment, Music, Music_of_Asia",2024-02-04 12:30:20+00,f
UCtcaZ5FUqaNXGX6xhpiGPQA,蔡阿嘎Life,@tsaiagalife,2012-11-10 16:34:33,https://yt3.ggpht.com/ytc/AIf8zZQiKusArpd3MGL9grxRIou2tvOX0S-3TMDLSTXq_g=s800-c-k-c0x00ffffff-no-rj,"蔡阿嘎第二個YouTube頻道：分享幕後花絮、生活隨拍小影片！
(合作洽談聯絡信箱：withgalovetaiwan@gmail.com)",TW,蔡阿嘎,"Food, Lifestyle_(sociology)",2024-02-04 12:30:20+00,f
UCI7ktPB6toqucpkkCiolwLg,Pan Piano,@panpianoatelier,2016-07-27 15:21:51,https://yt3.ggpht.com/ytc/AIf8zZRbWZ7wk76HIDNfptmQ1vjJPc7D89O31M4l0LrqBA=s800-c-k-c0x00ffffff-no-rj,"台湾のピアニストです！ 
アニソンを弾いてます～ 
良かったら、チャンネル登録お願いします（ベルマークもクリックしましょう！）
宜しくお願いいたします！

Welcome to my channel~~
I make piano covers of  Anime/GAME!
Please subscribe to my channel and click the bell icon to get new video updates!!
I am so glad to see new SUB :)

歡迎來到Pan Piano 小P的音樂工房！
這邊不定期分享動漫鋼琴演奏！歡迎訂閱與按下旁邊的鈴鐺：）
",TW,"鋼琴 演奏 ACG 動畫 漫畫 piano ピアノ アニメ 弾いてみた コスプレ パンピアノ ""pan piano""","Classical_music, Lifestyle_(sociology), Music_of_Asia, Music",2024-02-04 12:30:20+00,f
UCPcF3KTqhD67ADkukx_OeDg,滾石唱片 ROCK RECORDS,@rockrecordstaipei,2010-06-08 03:41:20,https://yt3.ggpht.com/fORP4KAI6zJ1It7hxBJTQ4GGqJUBW69v2n6TfdBMfPVd0bXWtwjMeWoZ2B7rJIXgO9h8UsCdIQ=s800-c-k-c0x00ffffff-no-rj,"這是一首你每天都忍不住要聽的歌,歌名就叫滾石。

Welcome to Rock Records Co., Ltd. Official YouTube Channel !!",TW,"滾石唱片 ""华语 金曲"" ""华语 歌单"" ""华语 串烧"" ""華語 金曲"" ""華語 歌單"" ""華語 串燒"" ""台湾 歌单"" ""台北 歌單"" ""台灣 歌單"" ""滾石 唱片"" ""普通話 歌"" ""懷舊 金曲"" 經典老歌 ""經典 老歌"" ""聽團 歌單"" ""台北 歌单"" ""怀旧 金曲"" ""普通话 歌"" ""滚石 唱片"" ""听团 歌单"" 听团歌单 ""中文歌曲排行榜2021 mv"" ""2021 新歌"" ""80 金曲"" ""90 金曲"" ""aisan music"" ""c pop playlist"" ""Chinese love story song"" ""Chinese popular song"" ""Chinese playlist"" ""Chinese music video love story"" ""mandarin playlist"" ""mandarin pop""","Rock_music, Pop_music, Music_of_Asia, Music, Hip_hop_music",2024-02-04 12:30:20+00,f
UC5l1Yto5oOIgRXlI4p4VKbw,中天電視,@ctitv,2007-01-17 05:34:19,https://yt3.ggpht.com/7TX5a0vWm4atw3f_uPwN651m0VOmnBSfP0sLEZb4sEha-laWJC2XpeAIVbUqPTum0NRAwuAn=s800-c-k-c0x00ffffff-no-rj,"🔹中天數位媒體，全球華人新勢力🔹

📢📢📢支持老Z，請加入老Z調查線會員   
📢支持監督的力量，請加入中天電視會員
📢支持琴教官，請加入頭條開講會員
📢支持優質國際新聞，請加入全球大視野會員

💵直接贊助中天👉彰化銀行台北分行:009-5012帳號:50128688988600戶名:中天電視股份有限公司 
🏧ATM：CHANG HWA COMMERCIAL BANK TAIPEI BRANCH(CCBCTWTP501) 
🏦A/C NO:50128688988600 A/C NAME:CTI TELEVISION INCORPORATION


",TW,中天 康熙 中時 旺旺 電視 新聞 ctitv 中天新聞,"Society, Politics",2024-02-04 12:30:20+00,f
UCSKNqZgZwPlKrKobdfcPGPg,凱文羊,@mythekevin,2012-05-16 13:33:08,https://yt3.ggpht.com/gLZNm5TMQhxLn3VhrTZ1djCyjXU8duiWhUgE7cHkapFANHYCyqwsF5PFI8fnYa2yaJ1ZIuIUKQ=s800-c-k-c0x00ffffff-no-rj,"用我的生活 鼓勵你👍🏼

🥰
",,,"Tourism, Lifestyle_(sociology)",2024-02-05 13:16:04.527813+00,f
UCrLO-yoAu4ZTzRSdmWqS53A,碰碰狐 鯊魚寶寶 (兒童兒歌・故事),@pinkfong_tw,2014-03-06 11:08:26,https://yt3.ggpht.com/123HnHZwNakHXUIRB8Uz3je8ZGwP4RUSFOfD5eE7OrQSIXZ-SJMf6-VxX6k2_jo6pdUe73BOMZs=s800-c-k-c0x00ffffff-no-rj,"全球熱門兒童教育品牌【碰碰狐】YouTube官方頻道！
兒童教育專家熱情推薦、可靠的兒歌與童話！
全球四千萬小朋友的最愛！
畫面清晰、語音純正、寓教娛樂。
在愉悅的氛圍中學習知識、激發孩子們的學習興趣！


★ 官方網站: https://www.thepinkfongcompany.com/ 
★ 官方Facebook：https://www.facebook.com/pinkfong.tw/
★ 官方Instagram: https://www.instagram.com/pinkfong.official
★ 官方TikTok: https://www.tiktok.com/@pinkfong_official 
★ 官網微信：http://link.cleve.re/3197/
★碰碰狐微博：https://weibo.com/pinkfongbaby

若事先未取得碰碰狐同意的情況下，
將包括並不限於碰碰狐的兒歌、動畫等其他所有的知識產權（以下統稱為“內容”），
以營利性和非營利性目的進行使用的情況均視為違法行為。 
碰碰狐之內容使用的相關諮詢，煩請您透過以下“商務合作諮詢”的連結進行。 
★商務合作諮詢：https://bizpinkfong.zendesk.com/hc/en-us
",TW,碰碰狐 PINKFONG pengpenghu pinkfong babyshark 鲨鱼宝宝 鯊魚寶寶 兒童 幼兒 兒歌 童謠 故事 兒童故事 童話故事 英語 音樂 幼兒教育 動畫 卡通 漫畫 寶寶 經典 動漫 唱歌 兒童唱歌與舞蹈 兒歌歌詞 小兒歌 兒歌英文 英文兒歌 兒歌童謠 幼儿 儿歌 童谣 儿童故事 童话故事 英语 音乐 幼儿教育 动画 漫画 宝宝 经典 动漫 儿童唱歌与舞蹈 儿歌歌词 小儿歌 儿歌英文 英文儿歌 儿歌童谣 儿童儿歌 ㄆㄥ 多奇 動畫 小朋友 鯊魚歌 恐龍,"Music, Entertainment, Film",2024-02-04 12:30:20+00,f
UCFycVZXj9fRWB_OZfFKe2PA,欸你這週要幹嘛,@happyariel,2016-10-19 09:14:11,https://yt3.ggpht.com/ytc/AIf8zZSGnS3K52deF4AY_T8hns32eEalWHHwLVYNWuwZ2Q=s800-c-k-c0x00ffffff-no-rj,"我是Ariel。
每到禮拜五就會收到(或者問人)
：「欸你這週要幹嘛」
得了一種假日不出門就會躁鬱致死的病！
(求在家日落到天黑的心理陰影面積)
反正哪裡有好玩的就哪裡去阿！

合作洽談信箱：arielsvlog816@gmail.com
",TW,,"Food, Lifestyle_(sociology), Tourism",2024-02-05 13:14:44.63806+00,f
UCGpNjY0Xq2GJLXh4OOX1LOA,滴妹,@crowndu,2016-03-10 10:25:45,https://yt3.ggpht.com/ytc/AIf8zZSwWzJm-yna7V3oOXUiZbDFRbVI5_OtXIwvKFWgKQ=s800-c-k-c0x00ffffff-no-rj,哈樓我是滴妹！歡迎來到我的頻道～,TW,滴妹 珍奶 樹懶 開箱,"Lifestyle_(sociology), Food",2024-02-04 12:30:20+00,f
UCIF_gt4BfsWyM_2GOcKXyEQ,啾啾鞋,@chuchushoetw,2013-08-01 00:55:14,https://yt3.ggpht.com/zo9lw7zzI95m-tlSbVsDwnEoWqVySkb6T3wLWefuSHAclBCG2bQFVT2vSoTkPtme6IPdMKMplw=s800-c-k-c0x00ffffff-no-rj,"哈囉，我是啾啾鞋～

商業合作＆活動接洽請洽 PressPlay 
郵箱：chuchushoe@pressplay.cc",TW,啾啾鞋,Lifestyle_(sociology),2024-02-04 12:30:20+00,f
UCbIJeyl_va8MG2xx0q4Uobg,HOOK,@helloiamhook,2017-12-02 13:46:22,https://yt3.ggpht.com/vIAuATDhSuCt-nKBVoKqfOssNkn4CQbuWyBwhnabtmzU5cG2R6yRfYjmFFb6bjkd942PCYmtSOQ=s800-c-k-c0x00ffffff-no-rj,"「HOOK」是一種音樂術語，代表你歌寫得很好，一聽就中；
而我取名叫「HOOK」，則是希望我的影片能讓你一看就中。

實驗型 ｜歷史型｜媽媽比我好笑型 YouTuber

合作邀約請洽：互可工作室
Email：info@hookuniverse.com.tw",TW,實驗,"Food, Lifestyle_(sociology)",2024-02-04 12:30:20+00,f
UCpu3bemTQwAU8PqM4kJdoEQ,中天新聞,@ctinews,2015-02-24 07:23:39,https://yt3.ggpht.com/cweYaB26lLbseNGYuAgmmTGm6mLdSWqzm88JfB1N3ISBThVUESAs4f7DeTJ7ctfshXDfR4PJ0Q=s800-c-k-c0x00ffffff-no-rj,"🔹中天新聞🔹
💖快點購輸入天編推薦代碼cti888立即享折扣💖

📢📢📢支持老Z，請加入老Z調查線會員 
📢支持監督的力量，請加入中天電視會員
📢支持琴教官，請加入頭條開講會員
📢支持優質國際新聞，請加入全球大視野會員

💵直接贊助中天👉彰化銀行台北分行:009-5012帳號:50128688988600戶名:中天電視股份有限公司 
🏧ATM：CHANG HWA COMMERCIAL BANK TAIPEI BRANCH(CCBCTWTP501) 
🏦A/C NO:50128688988600 A/C NAME:CTI TELEVISION INCORPORATION

⚠️未經著作權人事先書面同意，勿將內容用於商業性質之分享、連結。 
⚠️如有任何營業使用，必須事先取得書面同意。
",TW,中天新聞 中天新聞直播 台灣新聞 即時新聞 新聞直播 熱搜發燒榜 中天 CTI cti 中天52 旺旺 旺中 辣晚報 盧秀芳,,2024-02-04 12:30:20+00,f
UCHm9SiOLG8UoBT8STWY5mVA,Jay Lee Painting,@jayleepainting,2013-05-05 13:39:14,https://yt3.ggpht.com/8cO2wFxbsBQTvQ-TQayPLhn1W-U9Jl6quG5omuzKIQUPLhOU8upI-W4eJf63m5YDtm-uOeIU=s800-c-k-c0x00ffffff-no-rj,"Jay Lee is a painting youtuber. He paints a beautiful world on canvas, and share painting videos for people all over the world. Display Jay's painting in your space, and make the world beautiful.

❖ Jay Lee Store : 
https://teespring.com/stores/jayartpainting
❖ Jay Lee Amazon : 
https://www.amazon.com/dp/B0C5RC5SNT/?th=1
",TW,How to Paint Drawing Painting Techniques Beginner Watercolor Acrylic Art Hacks,"Lifestyle_(sociology), Hobby",2024-02-04 12:30:20+00,f
UCiWXd0nmBjlKROwzMyPV-Nw,志祺七七 X 圖文不符,@shasha77,2018-05-28 18:04:47,https://yt3.ggpht.com/ytc/AIf8zZQjtqDtcIaCaON9WC0urGYC-BQQjgT4ErRZkcW5SA=s800-c-k-c0x00ffffff-no-rj,"Hiho 大家好，我是志祺。

你現在收看的是志祺七七，
365 天不斷更的時事議題評論型頻道！
在這裡，你會看到⋯⋯

💡
// 即時議題・堅持每日發片的時事分析 //

遇到各種議題的時候，社會上總是充滿對立。
常常不同立場之間，只剩下謾罵，無法互相溝通、討論。

志祺七七，剖析不同立場觀點，
能讓關心社會上重要議題、擔心立場極化的你，
了解不同立場的不同想法。

💡
// 多元議題・不同立場都說讚 👍 //

人權、同婚、兩岸關係、中美貿易戰、能源議題、政治評論...
志祺七七不畏懼各種敏感議題，全盤呈現多樣化主題與觀點。

同時，也獲得不同政治立場的一致好評！
成為台灣唯一訪問過蔡英文、郭台銘、韓國瑜、朱立倫等一線政治人物的新世代時事評論員 ✨

　　＿＿＿＿＿＿＿＿＿＿＿＿＿＿＿＿＿＿＿＿＿＿＿
🌍　 探索世界・現在就開啟右上角鈴鐺訂閱志祺七七吧　🍠
　　￣￣￣￣￣￣￣￣￣￣￣￣￣￣￣￣￣￣￣￣￣￣￣

🤝 如果你想與志祺七七合作，歡迎寫信到：hi77@simpleinfo.cc 與我們聯繫

【 關於團隊 】

YouTube  ｜志祺七七｜
是由台灣最強資訊設計團隊「圖文不符」所開發策劃，融鑄多年議題設計經驗，由團隊共同創辦人張志祺作為節目主持人，以時下最熱門的 YouTube 影音頻道形式做呈現。

FaceBook｜圖文不符｜
推出台灣第一個製作時事議題懶人包的團隊，被譽為懶人包始祖，在 FB 上創造總瀏覽量超過三千萬人次。
現正活躍於台灣在地文化採集與設計轉譯，期望將更多關於台灣、關於生活、關於土地的知識帶給社會大眾，期望透過設計帶來更好的內容環境。
定期籌備大型議題策劃，喜歡精緻細膩的設計作品，閱讀台灣之美的你不可錯過。
圖文不符 FB 專頁：www.facebook.com/simpleinfo

Our Brand｜簡訊設計｜
是我們成立的商業設計品牌，橫跨議題—設計—行銷，服務涵蓋社群內容經營、網站設計、動畫設計與整合行銷專案。曾獲 2 座德國紅點 Best of the Best 大獎。
合作洽談請至：hi@simpleinfo.cc

-

贊助志祺七七，讓我們可以走得更久更遠：https://bit.ly/support-shasha77
如有遇到金流問題，麻煩請聯繫：service@simpleinfo.cc",TW,時事 知識,"Entertainment, Lifestyle_(sociology), Health",2024-02-04 12:30:20+00,f
UC5nwNW4KdC0SzrhF9BXEYOQ,TVBS NEWS,@tvbsnews01,2006-04-11 10:18:54,https://yt3.ggpht.com/jWe-dwGiiNd26ijxazm7ZTmbbObYF0e-HJntH2d_YtMM4M-vLKfoSb9Wj1NA6NOUk6KfsG2IsA=s800-c-k-c0x00ffffff-no-rj,台灣本土第一個衛星電視頻道正式發聲，「立足台灣，放眼世界」我們一直與台灣的民眾在一起！,TW,"TVBS TVBS新聞 LIVE 新聞直播 直播 NEWS 24H直播 24小時直播 55台 56台 ""NEWS LIVE"" 最新 ""Taiwan News"" Taiwan 即時新聞 十點不一樣 詹怡宜 夏嘉璐 莊開文 方念華 謝明昌 少康 趙少康 陳文茜 FOCUS 財經 中美台 俄烏開戰 地震 疫情 金臨天下 投票 開票 選舉 蔣萬安 黃珊珊 柯文哲 蔡英文 朱立倫 謝龍介 黃偉哲 陳其邁 蘇貞昌 白紙革命 世足 世界盃 賴清德 陳建仁 胡歌 美股 美中關係 2024大選 郭台銘 藍白合 吳欣盈 蕭美琴 柯盈 賴蕭 侯趙 ""Taiwan news""",,2024-02-04 12:30:20+00,f
UCPRWWKG0VkBA0Pqa4Jr5j0Q,Joeman,@joeman,2010-10-11 10:02:53,https://yt3.ggpht.com/m2gca682zTKK_2FTXWHLY-6p5---eyB6AAfhlbAihRhWyMlstk-v74m6JTbkp2b9qvC74Rmumg=s800-c-k-c0x00ffffff-no-rj,"工作洽詢請找我的經紀人Yuni:
yuni.love0627@gmail.com",TW,joeman 開箱 lifestyle 遊戲 電玩 電競 實況 精華 綜藝 搞笑 直播 九妹 食物 速食 飲料 飛機 旅遊 貴賓 汽車 跑車 房車 SUV 超跑 賓士 BMW TOYOTA MAZDA 日本 德國,"Food, Lifestyle_(sociology)",2024-02-04 12:30:20+00,f
UCJWXJTaLqI5KBnJuaXbCaTg,白癡公主,@atiendai,2010-10-28 05:15:08,https://yt3.ggpht.com/ytc/AIf8zZReh0Y-o6V6fCt_cpVrMgJNWDMfG26JHW4VfBQE6A=s800-c-k-c0x00ffffff-no-rj,"白癡公主Ａ減
有一點專業的配音、惡搞、教大家做有可能可以吃的菜
→影片不定期更新，訂閱頻道，立馬收到通知。

任何問題或合作請洽
87gongzhu@gmail.com

http://www.facebook.com/BaiChiGongZhu",TW,白癡公主 白痴公主 痴痴,"Lifestyle_(sociology), Entertainment",2024-02-04 12:30:20+00,f
UC6VKHP606ee6ffKwKmBHSig,人生肥宅x尊,@loserzun,2015-07-12 12:43:28,https://yt3.ggpht.com/ytc/AIf8zZQUPcttsJhsQ5YLUPVQRLrjBIJl3ulSmU8Ml9gsQg=s800-c-k-c0x00ffffff-no-rj,"居住在台灣的的宅宅少年
因為興趣而開啟了拍影片的生活
都市傳說,實驗,開箱
偶爾會拍些生活的vlog
想嘗試各式各樣的影片類型

▶追蹤我的頻道：https://www.youtube.com/channel/UC6VKHP606ee6ffKwKmBHSig?sub_confirmation=1

▶ 觀看更多內容：https://www.youtube.com/channel/UC6VKHP606ee6ffKwKmBHSig/videos

▶ facebook專頁：https://www.facebook.com/loserZUN

▶mail :  just8080666@gmail.com",TW,尊,"Food, Lifestyle_(sociology)",2024-02-04 12:30:20+00,f
UCwWXGnvVmi-6Sfx2wf8S8tQ,風傳媒 The Storm Media,@thestormmedia,2015-02-04 11:18:50,https://yt3.ggpht.com/ytc/AIf8zZSchSqddG3nX7bSqi--_31-o4ZgasjFXwlPLKy1zA=s800-c-k-c0x00ffffff-no-rj,"風傳媒是提供最多元資訊的媒體平台，喜歡我們的影音內容就『訂閱』風傳媒吧！

📢加入Youtube專屬會員
👉下班喝一杯啤酒 每月$75
👉下班喝一杯清酒 每月$150
👉下班喝一杯紅酒 每月$300

✓ 點我加入《風傳媒》Line 好友（ID：@dyp8323m）　http://bit.ly/2hETgWE
✓ 點我訂閱《風傳媒》YouTube 頻道　http://bit.ly/2grkAJ6
✓ 點我追蹤《下班經濟學》IG頻道（ID：@worked_money） https://bit.ly/2WZ1Dnb
✓ 點我追蹤《下班瀚你聊》IG頻道（ID：@offworkhantalk） https://reurl.cc/dWrry6
✓ 點我加入《下班經濟學》telegram頻道　https://t.me/storm_money

【Facebook粉絲團】
風傳媒►► https://www.facebook.com/stormmedia
風生活►► https://www.facebook.com/SMediaLife
下班經濟學►►https://www.facebook.com/workedmoney

⚠️未經著作權人事先書面同意，勿將內容用於商業性質之分享、連結。 
⚠️如有任何營業使用，必須事先取得書面同意。
",TW,,"Society, Politics",2024-02-04 12:30:20+00,f
UCKQVSNdzGBJSXaUmS4TOWww,關鍵時刻,@ebcctime,2012-07-18 06:56:44,https://yt3.ggpht.com/GIBYCNp1l38fRYAUSGdVKpx5-60VIIqhWWrLG_HaXQoKEa-F3L1lZkejuz3PxRDTokYeFHRZMQ=s800-c-k-c0x00ffffff-no-rj,"每週一到週五｜晚間10點至12點 東森新聞51頻道
敬請鎖定《關鍵時刻》新聞萬象內幕追擊

由資深媒體人劉寶傑主持，節目中邀請來賓、名嘴們一同探討國際新聞時事，揭秘各地奇聞軼事、分析各國軍事科技，為您深入剖析不同觀點，讓您關鍵時刻消息不漏接。

《關鍵時刻》由東森電視事業股份有限公司製作，並於「東森新聞台」播送。
",TW,"關鍵時刻 关键时刻 關鍵時刻全集 劉寶傑 外星 軍事 政治 搜奇 歷史 關鍵時刻2018 關鍵 東森 EBC 关键 刘宝杰 宝杰 關鍵時刻2017 蔡英文 東森電視 关键时刻 關鍵時刻2020 關鍵時刻 关键时刻2020 馬西屏 靈異 中美 強權 發燒關鍵 韓國瑜 吳子嘉 李正皓 #劉寶傑 美國大選 聚焦關鍵 劉寶傑關鍵時刻 习近平 ㄍㄨㄢ键时刻 吴子嘉 刘宝杰 马西屏 关键 ""EJ0 RU04G6DK4"" ""EJ0 RU04"" 關鍵時刻2022 關鍵時刻2023 國際政治 台灣政治 中国疫情","Society, Politics",2024-02-04 12:30:20+00,f
UCxUzQ3wu0oJP_8YLWt71WgQ,HowFun,@howfunofficial,2007-02-25 07:41:17,https://yt3.ggpht.com/ytc/AIf8zZQrGLpXcK6g8dlPbDmRo0k1u9QvkicGHgClEFM9=s800-c-k-c0x00ffffff-no-rj,"嗨大家安安! 我是HowHow
我喜歡拍影片記錄自己的生活",TW,"Howhow howfun 如何爽 陳孜昊 HowHow ""How Ger"" HowFun jason 業配之神 業配王 阿福 鄧福如 How哥 藍亦明","Technology, Lifestyle_(sociology), Entertainment",2024-02-04 12:30:20+00,f
UC6FcYHEm7SO1jpu5TKjNXEA,這群人TGOP,@thisgroupofpeople,2008-06-07 22:53:27,https://yt3.ggpht.com/7IeleJCw9PTBWErQq5Kl-iIxoMpXHPYqCRY4PsjCtdO4c9ieM6aj9rVdhx_afKUi2gIkfs6oZQ=s800-c-k-c0x00ffffff-no-rj,"持續訂閱 群人愛你喔！➔  https://tgop.pse.is/GWAQ6

【這群人】TGOP (This Group Of People) 由 展榮、展瑞
加上茵聲、石頭、木星、尼克、董仔七人所共同組成最有風格的短片就在這頻道！

""工作邀約""請洽詢
Mail: thisgroupofpeople@gmail.com
壹玖捌捌有限公司
柒柒影像有限公司

subscription! ➔ https://tgop.pse.is/GWAQ6
Network comedy group TGOP , American humor, B-movie mashup funny.
TGOP (This Group Of People) by seven young directors together constitute the most style movie in this channel!

喜歡我們的幽默，就請加入【這群人】的粉絲網頁。
If you like our video , please join TGOP .
↓↓↓↓↓↓↓↓",TW,"這群人 TGOP youtuber 展榮 展瑞 茵聲 尼克 石頭 董仔 木星 好笑 搞笑 團體 第一 大暴走 職業 過年 超瞎 翻唱 那群人 這些人 經典語錄 韓流 客串 戲劇 雙胞胎 短劇 網紅 原創 語錄 時事 日常 台灣 7個人 偽預告 爆走 服務業 全明星運動會 木曜四超玩 一日系列 邰哥 博恩夜夜秀 狗屎寫手 展榮展瑞 洋蔥 邱鋒澤 ""Onion Man"" 狗屎寫手 五月天 蔡阿嘎 老高 黃氏兄弟 黃明志 鄧紫棋","Television_program, Entertainment, Film",2024-02-04 12:30:20+00,f
UC8zkK0-g8S8Z_t8ZjUmpAlA,77老大,@77boss,2018-12-16 17:42:33,https://yt3.ggpht.com/3TisJQ9NU06QlznGe7L8i9J5bjWDaU7Dml-7J6xvxM30qTwiEIMrElW9KXmiGMyX6wQszRBqww=s800-c-k-c0x00ffffff-no-rj,"77老大畢業於長庚中醫，目前沒有在執業，
很多人問我為什麼不當醫生跑來拍影片，
我知道醫生很賺錢、有地位、而且非常受人尊敬，
但拍影片，也沒甚麼不好，
醫生10分鐘，只能幫一個人，
但我的影片10分鐘，可以幫助到很多人。
只要心中有白袍，走到哪裡都是醫生！

科學其實很好玩，
醫學可以淺顯易懂，中醫也可以很時尚，
藉由我的眼睛看世界，帶你用不同的角度看醫學、看人生。

商業配合 77sevenboss@gmail.com
IG: basil_77777   
Facebook:77老大",TW,帥哥醫師 型男中醫師 中醫師 中醫 皮膚保養 抗老 青春痘 粉刺 七七老大 養顏 減肥 減脂 健身,"Health, Lifestyle_(sociology), Food",2024-02-04 12:30:20+00,f
UC8wI85SlecrsLdPm-I73PzA,Hot Emma,@hotemma,2019-01-04 16:30:22,https://yt3.ggpht.com/HYRkzAryiAvJslt2DAqfeRI5hWxkdf8vnA7dlcq3bZLkAvC8c9Vhf4rBa3DBnXsHSaAn60diBw=s800-c-k-c0x00ffffff-no-rj,"Hey there! Welcome to my channel. I am a bikini fitness athlete and personal trainer. I've been lucky enough to win multiple gold medals in various competitions, but what I love most is helping others achieve their own fitness goals. Whether you're looking to get in shape, build muscle, or simply lead a healthier lifestyle, I'm here to guide and motivate you every step of the way.

I'm someone who's always up for a challenge, and I'm constantly learning new things and trying different sports. When I'm not in the gym, you'll usually find me exploring new fitness trends, experimenting with different workout routines, or learning about the latest nutrition science.
",TW,"艾瑪好辣 健身教練 ""Hot emma"" fitness ""Pole dancer"" Bodybuilder Asian ""bikini fitness""",Lifestyle_(sociology),2024-02-04 12:30:20+00,f
UCH3aos_uf4pGHbkANSbceEg,Terry Films,@terry-films,2019-02-12 09:22:54,https://yt3.ggpht.com/ytc/AIf8zZTrPczIure5wpbVDIBSPMF-btXAil5hgKzmHKYUOQ=s800-c-k-c0x00ffffff-no-rj,"大家好, 我是小探, 我喜歡旅行.
Hello everyone, I am Terry, I love to travel.

跟著 TerryFilms 的腳步，走訪世界不同角落，
讓我們一起尋找美味美食. 
Follow TerryFilms to visit different corners of the world. 
Let's find delicious food together.",TW,台灣美食 夜市,"Food, Lifestyle_(sociology)",2024-02-04 12:30:20+00,f
UCR3asjvr_WAaxwJYEDV_Bfw,東森新聞 CH51,@newsebc,2011-06-06 15:47:54,https://yt3.ggpht.com/o3xThAlQzF4mXtPWuxwnKZz08Gcv40ZmS_kcanctpOlMaNc9tnqAKT_tsxHoJTuNbuPe5Fvm=s800-c-k-c0x00ffffff-no-rj,"「東森新聞」為24小時全天候新聞專業頻道，提供全台灣觀眾最快速、正確、客觀、多元的新聞資訊與節目。秉持持續創新、自我進化，抓緊世代變化，「東森新聞」關注網路族群意見，透過完善的網路與電視互動機制，成為跨螢互動、分享的最佳平台，也是最貼近網友心聲的新聞台。

EBC東森電視創立於1991年，在台灣經營8個衛星電視頻道，歷經二十多年的辛勤耕耘與穩健經營，成為台灣電視頻道的第一品牌，也是台灣最大的融媒體平台，是最具影響力及最獲國際肯定的華文媒體。

EBC東森電視於2015年啟動融媒體計畫，整合電視與網路內容，佈局多平台發展。更以製播優質新聞節目為傲，陸續推出《關鍵時刻》、《57爆新聞》等新聞性節目內容 ，《台灣1001個故事》曾榮獲「社會光明面」報導獎項；《聚焦全世界》更榮獲三座金鐘獎。說不完的故事慢慢告訴您！

強力主打：
【全方位新聞】 深度探討內幕追蹤 快速掌握新聞重點
【頭條大直播】 重大新聞精彩節目 流暢直播呈現
真實更真實，觸動感動每一刻。最大量的新聞影音平台，快速、深入、完整，提供24小時全方位的新聞視野，東森新聞無所不在。",TW,東森新聞 東森 新聞 氣象 ettvnews 吳宇舒 陳瑩 徐湘華 王淑麗 韓佩穎 黃文華 王佳婉 ebc 新聞直播 海峽拚經濟 東森新聞直播 東森直播 EBC 劉寶傑 張佳如 房業涵 關鍵時刻 電視 洪培翔,,2024-02-04 12:30:20+00,f
UCLZBXiS9ZrIXgKBs_SMfGBQ,少康戰情室 TVBS Situation Room,@tvbssituationroom,2015-08-27 09:14:26,https://yt3.ggpht.com/7kee6hQor53kqBzSOdITPYVgFZg7UNA0lTTPTGvCCGZ7de0BaoZKGHyv9CFNfbGwOmzLI_NsOQ=s800-c-k-c0x00ffffff-no-rj,"用獨到觀點，解讀世界大事，給觀眾不一樣的思考
播出頻道：TVBS 56台 
播出時間：每週一至周日",TW,"少康戰情室 少康 國民黨 民進黨 政論 名嘴 時事 評論 政治 TVBS 韓國瑜 唐湘龍 蘭萱 唐湘龙 暐瀚 鳳馨 飛碟早餐 中廣 觀點 新聞龍捲風 新聞深喉嚨 三立 東森 解放軍 台獨 台毒 中共 北京 ""COVID 19"" WHO 陳時中 口罩 侯友宜 蘇貞昌 賴清德 川普 Trump 武統 拜登 Biden 賀錦麗 ""Kamala Harris"" 美選 美豬 萊豬 Ractopamine 瘦肉精 疫苗 黨主席 2024總統 中廣 中天 NCC 中廣流行網 台鐵 太魯閣號 太魯閣 花蓮 蔡英文 林佳龍 高嘉瑜 關鍵時刻 寶傑 劉寶傑","Politics, Society",2024-02-04 12:30:20+00,f
UCIU8ha-NHmLjtUwU7dFiXUA,三立新聞網SETN,@setn,2014-01-05 03:33:36,https://yt3.ggpht.com/p1CDNiM5ogXNmmBghBq_e04dYtuk561EedUiX1D3AWqUT2JjpxGP_eYhohWwv9QIl9oGiOHpNl4=s800-c-k-c0x00ffffff-no-rj,「三立新聞網」台灣前3大新聞網站，是台灣第一家結合直播、互動、社群、即時新聞的新媒體，我們秉持專業、品質、正能量的嚴謹態度，及跨屏多螢的創新技術，以公平、正義、新觀點提供您國際時事、即時新聞、節目直播、名家專欄、社群討論、爆料服務，立即下載三立新聞網APP，帶您關心台灣情，掌握天下事。,TW,三立新聞網 SETN 三立電視 三立 新聞網 三立新聞 三立直播 直播,,2024-02-04 12:30:20+00,f
UC7XxnhjdYjiQJ3m80K_N_4g,好棒Bump,@bumpbro,2019-10-22 00:35:25.685691,https://yt3.ggpht.com/McoEEWDTf6tdYsVzdYIAuyT4RaEAoDIXUNKbiqPb3urb9palXTpE5S7t3XTYS_FOyBhW_1ZcQTU=s800-c-k-c0x00ffffff-no-rj,信箱bumpbrooo@gmail.com,TW,男人幫 bump 好棒棒 好棒bump,Lifestyle_(sociology),2024-02-04 12:30:20+00,f
UCFsXFlbI8FpNAVQ_RL3I4bw,瑪莎與熊 Masha and The Bear CH,@mashabeartaiwan,2016-03-23 16:29:43,https://yt3.ggpht.com/3C7RQYoCzn0xvoMQgI--cLRaLA06joN5XQfshN2lXYg2sRt3ngJMMCSfeztHd8YasaYEeJw1=s800-c-k-c0x00ffffff-no-rj,"結合溫馨幽默的劇情，跟著瑪莎與她的好朋友熊熊展開一段生活冒險故事。

在 瑪莎與熊熊的互動中，可以了解到孩子們如何面對未知的大人世界，以及大人 們再面對孩子們的天真單純時如何應對。瑪莎-一個能量無敵、充滿好奇心的小 女孩，凡是她接觸到的每個事物都一定要打破砂鍋問到底，她對每個朋友的友 善態度總是讓人又驚又喜，因為她的好奇心與創造力，讓森林裡的生活充滿著 意想不到的歡樂。富有娛樂與教育意義的「瑪莎與熊」風靡全球，每集的故事 滲透性都能給予孩子與家長啟發，更教導孩子們真切的友誼、相互的關心與豐 富的創造力。
http://www.youtube.com/c/MashaBearCH",TW,"卡通 動畫系列 瑪莎與熊 ""masha and the bear"" 瑪莎 熊 卡通(電視類型) 全新影集 趣味卡通 動畫 線上卡通 兒通卡通 家庭 小女孩 趣味動畫 ""for kids"" 瑪莎與熊全系列影集 中文 2024","Film, Entertainment, Television_program",2024-02-04 12:30:20+00,f
UC9i2Qgd5lizhVgJrdnxunKw,千千進食中,@chienseating,2016-07-10 18:32:41,https://yt3.ggpht.com/ytc/AIf8zZRbnbqyOP1egg7DWdujNcto4nwaPLZjaZ4r8-tUPg=s800-c-k-c0x00ffffff-no-rj,"175 / 唱跳歌手(?)
是個只要有美食就會感到幸福的人

Instagram: khshu_
Twitter: chienshu_tw
Facebook: 千千進食中

活動演出、商業合作請洽：
chieneatlife@gmail.com",TW,千千進食中 千千 台灣妖精 大胃王 Chien-Chien Taiwan 台灣,"Lifestyle_(sociology), Food",2024-02-04 12:30:20+00,f
UC4Aclpo5YyXbKPeiZNO_uiw,DE JuN,@dejunmix,2013-04-04 14:46:35,https://yt3.ggpht.com/ytc/AIf8zZRUnLvwd47kE6-WKVUoEs7PStpqX4JIxGRr8lXfng=s800-c-k-c0x00ffffff-no-rj,"從2016年5月開始上傳影片至今
各種好玩爆笑的遊戲影片，都在這裡更新喔!!
現在就訂閱，一起加入我們吧~!

個人臉書 : https://goo.gl/ygXvCC
粉絲專頁 : https://goo.gl/1ieygR
-

►►Email : kyoko90323@gmail.com

",TW,DE Jun Minecraft Gameplay 實況 遊戲 解說 生活 開箱 GTA 搞笑,"Action-adventure_game, Role-playing_video_game, Action_game, Video_game_culture",2024-02-04 12:30:20+00,f
UCIECJyQ6meDyN-UnVHgXAMA,台灣達人秀,@ttshowtw,2012-11-05 09:51:18,https://yt3.ggpht.com/2MccjXWkPX6tR_Lkq3MN9IeizfMCjg2KucwDChf9pDCnTjY_5ZSRePBs6LI_l50poGNB1Uit-w=s800-c-k-c0x00ffffff-no-rj,"最爆款娛樂新聞

👉追蹤我們
ℹ  官方網站： https://www.ttshow.tw/
ℹ  Facebook：http://s.ttshow.tw/ttnews
ℹ  Youtube：http://s.ttshow.tw/ttnewsu2
ℹ  Instagram：bit.ly/ttshow_news

👉超人氣新媒體 Supermedia&Crespark
ℹ 官方網站  https://www.supermedia.cool/
ℹ 客服信箱  service@supermedia.cool
",TW,台灣達人秀 達人秀 ttshow,Lifestyle_(sociology),2024-02-04 12:30:20+00,f
UCdEpz2A4DzV__4C1x2quKLw,PAPAYA 電腦教室,@papayaclass,2008-11-09 03:54:16,https://yt3.ggpht.com/ytc/AIf8zZSNPVBU5qXO3hy2Ou-b-bMGNFX4oW20degBKlN9Iw=s800-c-k-c0x00ffffff-no-rj,PAPAYA 希望以最淺白易懂的方式，讓大家能夠輕鬆上手常用的電腦軟體。,TW,"電腦 教學 3dsMax 威力導演 ""Premiere Pro"" Word Excel PowerPoint Photoshop 軟體 Illustrator Adobe Microsoft 辦公室 軟件 ""After Effects"" Mac Office Papaya","Technology, Knowledge, Lifestyle_(sociology)",2024-02-04 12:30:20+00,f
UCiWRSesvSYmY7YOyz0tv_zQ,YOYOTV,@yoyotvebc,2009-12-04 10:28:18,https://yt3.ggpht.com/NqeKPZ2mS0LjGh_Q2DI7DxEdYTqFKp-aGeGTRGdPSC4QCx6f_0JC8pABp5KzX4EcbnI45IQD2pg=s800-c-k-c0x00ffffff-no-rj,"訂閱 YOYO TV 收看最新影片！

✦YouTube頻道強打節目✦
【YOYO點點名】►https://bit.ly/2uU9XVw
YOYO家族帶動跳，給孩子健康與活力
多元互動學習內容帶兒童認識世界！

【超級總動員】►https://bit.ly/30CJfhW
兒童益智遊戲大PK
開發腦力體力好有感！

【寶貝最愛聽！YOYO熱門MV】►http://bit.ly/2DJA98U
精選YOYO最夯的唱跳歌曲
小朋友最愛！

【碰碰狐】►http://bit.ly/2QtgPqd
紅遍全球Baby Shark
大人小孩都會跳鯊魚舞！

【YOYO卡通綜合包】►https://bit.ly/2Wzt4Ue
精選優質動畫！


★給家長的YouTube精彩節目推薦★

【超級總動員】
https://www.youtube.com/c/YOYO%E8%B6%85%E7%B4%9A%E7%B8%BD%E5%8B%95%E5%93%A1/about

【萌學園】
https://www.youtube.com/user/TheMRiders

【YOYO 好好聽】
https://open.spotify.com/show/7B9OM3yTm6CRKCMrWknogz

【YOYO 好好玩】
https://www.facebook.com/YOYOTVFUN

",TW,YOYOTV 幼兒 幼幼 兒童 教育 兒歌 唱跳 卡通 幼教 點點名 MV 兒童歌曲 YOYO 東森幼幼 屁屁偵探 香蕉哥哥 屁屁偵探破案大考驗 YOYO點點名 金曲 帶動跳 幼兒律動,"Entertainment, Television_program, Film",2024-02-04 12:30:20+00,f
UCFsNxYnUEs4tcqyddJhW43g,喪屍老爸,@walkerdad,2008-11-16 11:07:40,https://yt3.ggpht.com/5kQpXg9fMDA2WW0m3vLyOpoVTNviD0bbKIR7ipAZpjOOekYIvwaEuhKHnCxltvVT-EtZ4vqW8g=s800-c-k-c0x00ffffff-no-rj,"have a nice day
我是喪屍老爸，
這個頻道記錄了我們的生活和我腦中的一些天馬行空的想法，
如果你因為我們的影片而會心一笑，
那就是對我最大的鼓勵。
影片的腳本發想、拍攝、剪輯後製都由我自己完成，
希望大家會喜歡我的作品。
開頭的have a nice day是邦喬飛 Bon Jovi的一首歌，
我很喜歡，
所以就拿來當開頭了哈，
祝你有美好的一天。
商案合作請mail：walkerdad1228@capsuleinc.cc

",TW,喪屍老爸 橙橙公主 微電影 彤彤 狀況劇 橙橙廚房 姊妹 搞笑 美食 旅遊 飯店 日常 vlog 親子教育 家庭互動 家庭生活,"Food, Lifestyle_(sociology)",2024-02-04 12:30:20+00,f
UCLW_SzI9txZvtOFTPDswxqg,木曜4超玩,@muyao4,2017-02-17 06:46:58,https://yt3.ggpht.com/_SwEevk2bx-bSXAMmAcIA3w0-8V3fSNRrmz8KRAWpgrM3975rQa8oB8RDAaBYY0jt8eyGpF9lA=s800-c-k-c0x00ffffff-no-rj,"木曜4超玩！每周四更新！
努力做＼好＼節目

主持人：邰智源、林柏昇KID、坤達、溫妮、泱泱、阿部瑪利亞

一日製麵 | 其他專屬周邊
逛逛麥卡貝👉https://shop.camerabay.tv/
蝦皮商城👉https://shopee.tw/muyao4.store
MOMO👉https://lihi3.cc/yjN1h

麥卡貝新節目製作團隊強力募集中！如果你喜歡麥卡貝做節目的態度，
也具備好節目製作能力與熱情，Eric歡迎你加入我們的行列～～～
麥卡貝的104：https://cbtv.tw/joinkitchen

",TW,木曜4超玩 木曜四超玩 邰智源 KID林柏昇 大熱門 玩很大 坤達 溫妮 泱泱 邰哥 energy 阿部瑪利亞 一日系列,"Entertainment, Lifestyle_(sociology), Food",2024-02-04 12:30:20+00,f
UCDrswN-SqWh7Kii62h9aXGA,STR Network,@strnetworkasia,2018-08-09 08:34:31,https://yt3.ggpht.com/XkvmHO4ZsnoKhc5HJg9H1uQWcdBy0DOy12wzcTG9lNvEQPsnwzTWEKvLbSa9XJ7Od3VH3OjSvQ=s800-c-k-c0x00ffffff-no-rj,"歡迎來信 薩泰爾娛樂股份有限公司
￣￣￣￣￣￣￣￣￣￣￣￣￣￣￣
▍商業合作 : business@strnetwork.cc
▍媒體聯繫 : press@strnetwork.cc
▍徵才相關 : career@strnetwork.cc",TW,"comedy ""late night"" 薩泰爾娛樂 喜劇 台灣 Taiwan 諷刺 博恩 賀龍 賀瓏 伯恩 喬瑟夫 chillseph 博恩夜夜秀 曾博恩 賀瓏夜夜秀 怡岑","Film, Entertainment, Television_program, Politics, Society",2024-02-04 12:30:20+00,f
UC2TuODJhC03pLgd6MpWP0iw,三立LIVE新聞,@setnews,2013-07-30 02:55:25,https://yt3.ggpht.com/RfKKG7y_FBtCNSO8pxW28swsDWPYT_2OsAe4g6JFOidlzLznXd73tzk3vsHyUk3Fywp_itC6=s800-c-k-c0x00ffffff-no-rj,"#三立新聞 #官方頻道
新聞直播，即時熱點，重大新聞，政治要聞，生活知識，精彩節目全掌握",,三立新聞 set 三立 三立財經 三立新聞台 setnews 三立LIVE新聞 SET LIVE NEWS 新台灣加油 消失的國界 王偊菁 郭雅慧 準氣象 三立準氣象 張齡予 吳德榮 氣象老大 武漢肺炎 新冠肺炎 covid-19,,2024-02-04 12:30:20+00,f
UCV1OpUwWJCMiv6gJCRR6yAg,Ku's dream酷的夢-,@kusdream,2012-09-11 19:32:08,https://yt3.ggpht.com/ytc/AIf8zZSBiTKIjBhCUichbbL15_Kmqg6ZlgsuQc9OKgmjGw=s800-c-k-c0x00ffffff-no-rj,"大家好 我是從法國來的酷！
Hi guys, I'm Ku from France! 

合作邀約請找我的經紀人Maggie
ku@ruredi.co

地址：
中和郵局第4-22號信箱
郵遞區號：23599
收件人：理查酷

Facebook:https://www.facebook.com/kuudream/
Instagram: https://www.instagram.com/kudream/
Naver Blog: http://blog.naver.com/wooseob0417",TW,,"Entertainment, Lifestyle_(sociology), Food",2024-02-04 12:30:20+00,f
UCjhwHd3mgmqm0ONm0bXKmng,安啾咪,@anjouclever103,2011-10-15 14:37:31,https://yt3.ggpht.com/ytc/AIf8zZTSjQjHWLVQeK9WFo5XBaAJnFALP58DyxuSlzOr=s800-c-k-c0x00ffffff-no-rj,我是安啾Anjou，不時分享可愛的DIY教學、生活日記、開箱影片。,TW,安啾 安啾實況 安啾咪 anjou,"Hobby, Lifestyle_(sociology), Food",2024-02-04 12:30:20+00,f
UCiMiEL1XRXANaypB2wEdr5w,民視戲劇館 Formosa TV Dramas,@ftvdrama,2012-09-11 02:24:23,https://yt3.ggpht.com/ytc/AIf8zZTxyEbaYvp5YDg5K85vr1dUEJTR46zG2W6U-S19=s800-c-k-c0x00ffffff-no-rj,"ON檔劇 / 首播劇 / 經典劇 / 惡搞劇
電視看得到、看不到的，這裡通通有。

所有精彩都在｛民視戲劇頻道｝。",TW,FTV 民視 Drama 戲劇 民視戲劇 台劇 本土劇 連續劇 台語,"Film, Entertainment, Television_program",2024-02-04 12:30:20+00,f
UCEfetJrzg6OcXWWuX8uhdhw,WACKYBOYS 反骨男孩,@wackyboys520,2007-10-07 02:32:39,https://yt3.ggpht.com/ytc/AIf8zZRYtHapTfoyW4TiSjbMCpwAJ80G0yXnGAMABJTv6g=s800-c-k-c0x00ffffff-no-rj,"讓世界變得更歡樂是我們的使命,歡迎加入我們的宇宙!
商業合作歡迎來信：kevin0204660@gmail.com

再往偉大航道的路上行徑 我們會不定時的徵招以及收納厲害的表演者
歡迎熱愛表演的你們加入",TW,WACKYBOYS 莊酷炫 WACKYBOYS反骨男孩 設計 創意 拍片 酷炫 KUSO 惡搞,"Lifestyle_(sociology), Entertainment",2024-02-04 12:30:20+00,f
UCcb9uxCoIgw7RQjQnlgd0Xw,Rosalina's Kitchen 蘿潔塔的廚房,@rosalinakitchen,2016-04-25 03:17:19,https://yt3.ggpht.com/ytc/AIf8zZSd_f7ZIVzs4CTl6CZRMr4w4JNoQQJzkiKXJ-GM=s800-c-k-c0x00ffffff-no-rj,"Hello 大家好，我是塔塔，這是一個傳遞幸福味道的美食頻道。
蘿潔塔是一個喜歡料理的主婦，我將自己日常生活的料理拍成影片，希望透過這些料理影片，療癒大家的心。

★喜歡我創作的料理影片嗎？記得訂閱我的YT頻道喔～
YT:       https://www.youtube.com/@RosalinaKitchen
IG:        https://www.instagram.com/rosalina.kitchen
FB:       https://www.facebook.com/rosalinakitchen
BLOG: https://RosalinaKitchen.com/
",TW,蘿潔塔的廚房 Rosalina's Kitchen 料理 蘿潔塔 cook,"Lifestyle_(sociology), Food",2024-02-04 12:30:20+00,f
UCdxoeijd8BEuQlARHDcz4EA,Cate Food Travel 凱特食旅,@catefoodtravel,2020-06-11 13:01:40.168741,https://yt3.ggpht.com/ytc/AIf8zZQz0PfJmWNPLfPeJCWC5_Rc3P5J1QSI8YDFmTzpEw=s800-c-k-c0x00ffffff-no-rj,"I’m Cate, who’s a travelholic and foodaholic.

I’ll share what I’ve seen and tasted with you,such as street food,fried rice,seafood,night market,cooking skills,asian food,chinese food and so on. 

Look forward to bringing you the feast for the senses of palates through every video clip.

If you’re interested in these topics, this channel will be your best choice.

歡迎來到凱特食旅~

我是凱特,熱愛旅行跟美食

我將分享旅行中的各種見聞及風味 

例如街邊美食 炒飯 海鮮 小吃 夜市 職人技藝 餐車 甜點等等美食

好吃的 .獨特的.  新奇的  都是我不容放過的美食 

期待每一個影片帶給各位味覺的饗宴 

 如果你對以上的內容感興趣，我的頻道將會是你不可錯過的選擇",TW,"""street food"" ""taiwan street food"" ""taiwanese street food"" ""taiwan food"" seafood ""street food around the world"" food cook ""fish cutting""","Lifestyle_(sociology), Food, Pet",2024-02-04 12:30:20+00,f
UC9YOQFPfEUXbulKDtxeqqBA,胡子Huzi,@huzi1989,2016-12-20 12:27:20,https://yt3.ggpht.com/ytc/AIf8zZRUg_Cs0jAgFBntHbC9fMiR2OB5cwIQHIYHrHlT=s800-c-k-c0x00ffffff-no-rj,"胡搞的胡，小子的子，顧名思義就是生活中的各種胡思亂搞
我們從小就被各種規則和期待所束縛，
偶爾無傷大雅的胡搞一番，其實是非常愉快噠！
────────────────────
♫ 訂閱胡子：https://goo.gl/rxHZrS
♫ 想看「奇怪的實驗」 → https://goo.gl/z5FhmZ
♫ 想看「奇怪的開箱」 → https://goo.gl/xc3JcA
♫ 想看「胡子的週記」 → https://goo.gl/YDGA9u
♫ 想看「觀眾的問答」 → https://goo.gl/7kP3MK
────────────────────",TW,胡子 Huzi 胡思亂搞 胡買海開 胡生若夢 胡說八道 胡仔 湖子 壺子 糊子 狐子 鬍子 鬍仔,"Lifestyle_(sociology), Hobby",2024-02-05 13:04:38.725406+00,f
UCeo3JwE3HezUWFdVcehQk9Q,阿滴英文,@rayduenglish,2015-01-11 14:06:12,https://yt3.ggpht.com/ytc/AIf8zZRYXLeXoCidtQWvq63WOV9o0CP_k7yVN2JuUnBI5g=s800-c-k-c0x00ffffff-no-rj,"哈囉我是阿滴！每週一晚上6:30更新影片！
",TW,阿滴 英文 Ray Du English,Lifestyle_(sociology),2024-02-04 12:30:20+00,f
UCvw1LiGdyulhnGksJlGWB6g,奇軒Tricking,@73_tricking,2011-08-13 18:34:48,https://yt3.ggpht.com/toNnNTYFi71Lq4NJfYtDuL1_jNeKDjosoaTQK4rX78LUPzJ0YkONDjKHGSRqM-LSOJSGe1OyH_s=s800-c-k-c0x00ffffff-no-rj,"我是一個Tricker和教練！
訂閱我可以看到更多教學和挑戰！
合作邀約👉🏼 73workspace@gmail.com
線上課程報名
https://www.yi150.com/73-tricking-beginner-class
",TW,,"Entertainment, Lifestyle_(sociology)",2024-02-04 12:30:20+00,f
UCPwxSX0DYDMQxCvgfeVDv_g,蔡阿嘎,@tsaiaga,2006-06-03 16:16:30,https://yt3.ggpht.com/ytc/AIf8zZSeiq6tQs4R0IFUCkpR3VOD-NAI6jeNKDkQ9QVJ6UQ=s800-c-k-c0x00ffffff-no-rj,"合作聯絡信箱：
withgalovetaiwan@gmail.com",TW,蔡阿嘎 藏鏡人 歐屁 阿格列博士 臺灣 愛台灣 台語 kuso Taiwan 大頭佛,"Food, Lifestyle_(sociology)",2024-02-04 12:30:20+00,f
UC7ia-A8gma8qcdC6GDcjwsQ,Howwork X 六指淵,@huber0203,2008-08-15 12:27:37,https://yt3.ggpht.com/g3XlFcGhKEHCAb_oVP1-VYi5Rpc-D7uL4Ga74LSKtANIbPU5FpryOZBrns9wvJkkVhyQzI9yHQ=s800-c-k-c0x00ffffff-no-rj,"合作邀約請來信至
hi@sixvfx.com
",TW,六指淵 六 指 淵,Entertainment,2024-02-04 12:30:20+00,f
UCV_S2S-Zs8LeuJxK-T3RQQg,黃氏兄弟,@user-huangbrothers,2015-10-30 02:38:21,https://yt3.ggpht.com/g8JovFLCgTVx7Gdbznm7blAT-HqkxSD39t118UnQAKFJKyrEob5nB6jMXhPpbnpk41L4TBBgOl4=s800-c-k-c0x00ffffff-no-rj,"『做一個有溫度的人。』

不論男女老少、不論來自哪裡，每一個觀眾我們都很珍惜，
你們的訂閱、分享、開啟鈴鐺都是給我們最大的支持，
也歡迎加入我們頻道會員！
------------------------------------------------------------------------------------------------
副頻道：

遊戲頻道：https://reurl.cc/ebAZW
開箱頻道：https://reurl.cc/N89EQ
哲哲日常：https://reurl.cc/xGOyKE
------------------------------------------------------------------------------------------------
主頻道訂閱：

2017.04.04：The first video
2018.01.31：100,000 
2018.04.26：200,000 
2018.06.19：300,000 
2018.07.19：400,000 
2018.08.17：500,000 
2018.09.09：600,000 
2018.10.26：700,000 
2018.12.01：800,000 
2019.02.01：900,000 
2019.03.31：1,000,000 
2019.07.04：1,100,000 
2019.08.17：1,200,000
2019.11.01：1,300,000 
2020.02.07：1,400,000 
2020.05.26：1,500,000 
2020.10.02：1,600,000 
2021.06.08：1,700,000 
2021.08.21：1,800,000 
2022.03.15：1,900,000
2022.06.04：2,000,000 
2022.09.30：2,100,000 Subscription
------------------------------------------------------------------------------------------------
相關業務合作請聯繫：huangbrothers@pressplay.cc",TW,生活 開箱 兄弟 吃喝玩樂 都市傳說 實測 實驗 惡搞 互整 好笑 好玩 新奇,"Entertainment, Lifestyle_(sociology)",2024-02-04 12:30:20+00,f
UCttafJi4SCirZhlxsxISbyA,寶寶巴士 - 中文兒歌童謠 - 卡通動畫,@babybustc,2012-11-17 01:20:42,https://yt3.ggpht.com/ytc/AIf8zZTkfChjeUqlzYepx9TiiPLDUuv2FP35jLNZuuFNgQ=s800-c-k-c0x00ffffff-no-rj,"寶寶巴士以「快樂啓蒙」為教育出發點，專注於啓發孩子的學習興趣，為孩子打造快樂童年。
通過制作2D/3D的經典童謠、兒童歌曲和動畫故事，為2至5歲的孩子提供有趣的學習體驗。孩子可在唱歌跳舞的同時，學習良好的生活習慣、安全、字母、顏色、數字等知識！

寶寶巴士，全球3億家庭用戶的幼教首選，您身邊的幼兒教育專家。
幫助孩子：
★獨立思考
★建立自信心
★尊重他人
★探索世界


如果您對我們的產品有任何建議和疑問，希望您通過郵件方式聯繫我們，我們將在第一時間幫您解決問題。感謝您的合作！

郵箱:ser@babybus.com",TW,"Babybus ""kids songs"" 寶寶巴士 ""奇奇 妙妙"" ""Learn Chinese"" 兒歌 ""兒歌 童謠"" 童謠 ""教育 儿歌"" 學習 ""啟蒙 兒歌"" 奇奇 妙妙 兒歌 童謠 兒歌童謠 卡通 動畫 早教 啟蒙 教育 學習 學顏色 ""kids songs"" 好習慣 好习惯 安全教育 儿童歌曲 經典國語兒歌 經典兒歌 中文兒歌 ""kids cartoon"" ""stories for kids"" 交通工具 怪獸車 救援隊","Music, Film, Entertainment",2024-02-04 12:30:20+00,f
UCI1zO6-A3h7DHg-R_x34vLg,GQ Taiwan,@gqtaiwan,2010-10-29 08:42:52,https://yt3.ggpht.com/KYkhbx1vC3B2WhUol5uxyZb54wAG86o2QkjVdb-o_XzAgEIuI_3BpZdiUk0O9HwNezhvXmGpEZY=s800-c-k-c0x00ffffff-no-rj,"GQ 影音專區！
『It's proud to be a GQ man.』從1996年至今，GQ國際中文版在讀者心目中向來是hi-quality生活風格的代表！有型有款的男性生活都在GQ。我們追蹤質感生活、各領域科普、有意識穿搭，用時尚的姿態，詮釋生活細節。

Every month GQ provides its readers with the brightest, most authentic and simply the best men's magazine in the world. Every day online GQ.com provides a mix of fashion, entertainment, sport, health, humour, and politics. GQ.com - the men's site with an IQ. http://www.gq.com.tw",TW,"男性時尚 時尚 ""GQ Taiwan"" ""GQ 台灣"" ""GQ 電影"" ""GQ 科普"" ""GQ 豪宅""","Entertainment, Lifestyle_(sociology), Film",2024-02-04 12:30:20+00,f
UCgdwtyqBunlRb-i-7PnCssQ,Muse木棉花-TW,@musetw,2016-12-20 07:28:52,https://yt3.ggpht.com/NNTqTn6wd5CWh4-ZgeNx9ai-Rv-S80FG3qfEp8fvONN3IeKjchXzt3H_6Bw8_YvrZiJSjCOC7w=s800-c-k-c0x00ffffff-no-rj,"台灣木棉花（Muse）成立於西元1992年，是全方位的正版動畫代理公司，除了同步引進日本最新的動畫作品，對於動畫市場趨勢的掌握、周邊商品的開發、乃至於市場通路的行銷策略，均擁有多年績效卓越的實戰經驗。並且透過社內多元化的專業團隊，成功引領台灣動漫市場與日本、及其它亞洲各地的動畫產業接軌。
除了代理日本與其它地區的正版動畫作品，我們還積極開發多元化的行銷通路，動漫周邊銷售分佈各地，在上海、香港、新加坡、東京、首爾⋯也有我們的駐點，分社機構不但與當地和鄰近國家的動畫市場做密集的互動交流，也為亞洲其它動畫業者做跨國性的銷售整合服務。
本專區所有上架的影片皆為正版授權，木棉花不違法上傳盜版影片，特此聲明。",TW,木棉花 同步 新番 Anime 動畫 線上看,"Film, Entertainment",2024-02-04 12:30:20+00,f
UCmdVfsLHu18lCkKYXSOGUxg,中時新聞網,@chinatimes,2006-06-20 03:38:03,https://yt3.ggpht.com/qAzbli5Y4sq6lG9vQVG0m5qW57w8J4xnaexPKlH3o5OVKmfVd4aWTEiP435Qb8xnp9wctFObzg=s800-c-k-c0x00ffffff-no-rj,"《中時新聞網 開啟世界窗》 
👉掌握國際軌跡 瞄準政論時事
👉緊盯社會議題 觀察財經脈動
👉追蹤娛樂焦點 跟進流行趨勢

【政風雲2.0】
政治千變萬化，選情風起雲湧！跟專家來賓一起談政治、論風雲
【角落的聲音】
被忽視的角落，聽不見的聲音，最暖心的故事，角落的聲音替你發聲
【新聞歸剛欸】
追新聞、挖真相！ 電視上看不見 沒人敢說的話《新聞歸剛欸》全說了
【街頭大聲公】
這裡沒有正確答案，只要你敢講我們就敢播，有話「街頭大聲說」
【名醫報你知 健康療天室】
探索健康秘訣，療生活大小事，聚焦養生保健，鎖定「健康療天室」
【政新鮮】
最鮮的政治話題，最敢講的評論來賓，最勁爆的內幕消息，別人沒有的政界秘辛都在「政新鮮」
",TW,"中時 電子報 新聞 影音 中天 中時電子報 chinatimes 中時新聞網 忠實新聞網 中天新聞 中天電視 兩岸 中國大陸 大陸 時事 中时电子报 中时 中国 中國 中时新闻网 COVID-19 新冠肺炎 中視 TAIWAN taiwan news NEWS ""TAIWAN NEWS"" ""taiwan news"" 台湾のニュース ""balita sa taiwan"" ""Đài Loan"" 台湾","Society, Politics",2024-02-04 12:30:20+00,f
UCStpPtoeQUYII1Jsbl0qf8A,華納音樂 Warner Music Taiwan,@warnermusictaiwan,2009-07-06 10:45:41,https://yt3.ggpht.com/ytc/AIf8zZQwU75dnnb8wbN5qgky4RTuceenjCSmvvX0taz7LA=s800-c-k-c0x00ffffff-no-rj,"這是華納音樂台灣的官方專屬影音頻道，在這可以看到所有華納藝人最新全曲MV音樂，更可以看到許多大小的幕前幕後花絮。

華納音樂歷有華語天后宮、天王宮美稱，現今走在時代潮流，即刻創造更多你想聽的音樂，開啟前所未有的音樂體驗！

華納音樂：https://www.facebook.com/WarnerMusicTaiwan/
立即追蹤最新動態：https://www.instagram.com/warnermusictw/

華納西洋音樂：https://www.facebook.com/WarnerMusicTaiwanIntl
華納日語音樂 : https://www.facebook.com/WarnerMusicTaiwanJpop
華納韓語音樂 : https://www.facebook.com/WarnerMusicTaiwanKPOP
立即追蹤最新動態：https://www.instagram.com/warnertw_intl_official/

#華納音樂  #WarnerMusicTaiwan #WMTW
",TW,"warner warnertaiwan music 蕭敬騰 Jam Hsiao Sammi 高清 官方 完整 李佳薇 JJ 林俊傑 R-chord 李榮浩 coldplay ""ed sheeran"" ""cardi b"" bazzi ""charlie puth"" 中字 華納 華納音樂 ""one ok rock"" 演唱會 BTS ""Dua Lipa"" 歌詞","Music, Pop_music, Music_of_Asia",2024-02-04 12:30:20+00,f
UCnJEWsS5agXCkqIpyHC9Grg,阿神,@ashankouki,2009-05-11 03:26:31,https://yt3.ggpht.com/ytc/AIf8zZSfhl1IC6vA_1cptDj3CvgBImrIIW8cmU_MMkPaPA=s800-c-k-c0x00ffffff-no-rj,"❤ 進入退休狀態囉 !! 目前頻道只會直播遊戲 ❤
Hello，我是一個來自台灣 31歲 的男孩，
有各式各樣遊戲的實況，大多是休閒向遊戲和些許的恐怖遊戲！偶而會有一些生活的 Vlog 或是教學影片，訂閱我的頻道，陪你度過快樂時光！

❤ 進入退休狀態囉 !! 目前頻道只會直播遊戲 ❤
今天起訂閱成為一個 Bob 吧，Subscribe as a bob！我就會出現在你的 Youtube 頻道陪你一起打發閒暇時光！",TW,當個創世神 Minecraft 阿神 Kouki Gameplay 遊戲 解說 實況 生活,"Action_game, Role-playing_video_game, Action-adventure_game, Video_game_culture, Strategy_video_game",2024-02-04 12:30:20+00,f
UCX9VHpN62jkqCCntHxymPOA,NewShowBiz完全娛樂,@setshowbiz,2014-04-29 10:41:34,https://yt3.ggpht.com/LXsYiyzQBnCb7C08AavK16QfsQHK_YG-7L7tDMVSNHQCxyre45L-jQCvvI8d2LlEGIOOS49j6g=s800-c-k-c0x00ffffff-no-rj,"最新娛樂消息❣精彩獨家花絮❣全都在完全娛樂😍
想知道更多大明星不為人知的一面嗎⁉
想看更多鬧到不行的專訪嗎⁉
趕快手刀訂閱🤩🤩🤩

👇追蹤我們👇
👾官方Facebook：https://reurl.cc/519E7z
👾官方Instagram：https://reurl.cc/o7EqkD
👾官方微博：https://reurl.cc/blAQjv
👾官方bilibili：https://reurl.cc/gDXEKQ
-
公開募集佛心觀眾網友幫忙協助翻譯各國字幕，讓世界各地的朋友一起享受完全娛樂
翻譯字幕請直接私訊""完娛臉書""提供給我們喔：）
https://www.facebook.com/setshowbiz
",TW,完全娛樂,"Television_program, Entertainment, Film",2024-02-04 12:30:20+00,f
UCEsinqZjZ11w0T9ZvyKIr6A,福茂唱片,@linfairrecords,2009-02-24 06:00:45,https://yt3.ggpht.com/ytc/AIf8zZTpjczneTNnrW1iMRva3eQXVamfy73AUIRzmmaFWA=s800-c-k-c0x00ffffff-no-rj,"福茂唱片音樂股份有限公司（ Linfair Records Ltd. ）由創辦人張人鳳先生成立於 1961 年，並於同一年取得世界最大古典音樂廠牌之一 -- Decca 的台灣區代理權。

1992 年，當時的 Decca 母公司 - 國際寶麗金唱片集團（ Polygram International ）買入百分之六十福茂股權，福茂唱片也同時加入了國際寶麗金唱片集團，福茂唱片的英文名稱因此改為 Decca Records Taiwan Ltd.。 2002 年，張耕宇先生及張霄芸女士向國際環球唱片集團（由於寶麗金唱片已於 1998 年被環球併購）買回其擁有的百分之六十福茂股權，福茂唱片又再度回到了100% 的獨立唱片公司，而英文名字又改回最初的 Linfair Records Ltd.。

雖然脫離了環球，但福茂仍然繼續在台代理 Decca。另外，福茂唱片還代理美國高音質獨立廠牌 Chesky 以及許多歐洲獨立廠牌.

福茂唱片除了代理國外廠牌外，於 1986 年開始發展國語流行歌曲，先後捧紅了許多台灣本地及香港、大陸地區的歌手，例如庾澄慶、邰正宵、林隆璇、黃舒駿、王菲、那英、范曉萱、王力宏、蘇永康、陳慧琳、許志安、周蕙 ... 等．近年福茂仍然繼續大力在國語歌曲市場發展，除了簽入高知名度藝人歌手外，也不斷培養全新歌手．近年成功推出的歌手藝人有范瑋琪、韋禮安、陳妍希、郭靜、張韶涵、曾沛慈、吳汶芳、畢書盡、朱俐靜、陳勢安、曾靜玟、陳彥允、李玉璽、法蘭黛樂團、李唯楓、王笠人 ... 等歌手。

福茂唱片的位置：http://goo.gl/zpRbSN

【數位/實體唱片 代理發行】請寄Email：linfair.agency@gmail.com
",,"福茂 福茂唱片 陳彥允 謝沛恩 韋禮安 范瑋琪 吳汶芳 李玉璽 陳妍希 陳勢安 楊蒨時 Bii 畢書盡 詹宇琦 庾澄慶 哈林 郭靜 曾靜玟 曾沛慈 李唯楓 朱俐靜 法蘭黛樂團 法蘭黛 Frande 陈彦允 谢沛恩 韦礼安 范玮琪 吴汶芳 李玉玺 陈妍希 陈势安 杨蒨时 毕书尽 庾澄庆 郭静 曾静玟 李唯枫 朱俐静 法兰黛乐团 法兰黛 Linfair ""Linfair Records""","Pop_music, Music, Music_of_Asia",2024-02-04 12:30:20+00,f
UC8CU5nVhCQIdAGrFFp4loOQ,周杰倫 Jay Chou,@jaychou,2019-10-29 09:36:29.28464,https://yt3.ggpht.com/OvyupgLYH05byQQoYNw6BtXoCw1ygFYTMtGhk0vOTaOii8U9x5NYK1R4JD7FJAUCouqy_8JA=s800-c-k-c0x00ffffff-no-nd-rj,"Jay Chou 周杰倫

“New King of Asian Pop” — Time magazine (2003)
“One of the most inﬂuential ﬁgures in Asia”— CNN (2009)

Music Career
-Iconic musician of the 21st century
-Since his debut in 2000, he has composed, produced, released 14 studio albums, which sold over 30 million copies.
-He holds the highest record sales for Asian male singer, and has won numerous music awards, including 15 GMAs (Chinese Grammy)

Concerts
-Accomplished 7 world tours, over 300 concerts, performed to more than 10 million people. Jay Chou is celebrating his two decades in the entertainment industry by launching his 20th Anniversary ""Carnival "" World Tour in Oct. 2019.",TW,,"Music_of_Asia, Music, Pop_music",2024-02-04 12:30:20+00,f
UC7ovu6a8ydIbDy0fAKmoZ9A,相信音樂BinMusic,@binmusictaipei,2009-08-10 08:04:55,https://yt3.ggpht.com/ytc/AIf8zZTQk5bWi19pLFExKqOfPhyGEHcZCueO2rmkVq95Cg=s800-c-k-c0x00ffffff-no-rj,相信音樂官方YouTube頻道，提供旗下歌手最新影音訊息，包括：五月天、李宗盛、劉若英、蘇慧倫、Energy、告五人、宇宙人、丁噹、鼓鼓呂思緯、蕭秉治、白安、麋先生、家家、李劍青,,相信音樂 五月天 阿信 五月天阿信 劉若英 白安 家家 李宗盛 樂團 超犀利趴 演唱會 必應創造 小巨蛋 LIVE 官方版 完整版 鼓鼓 蕭秉治 五月天瑪莎 五月天石頭 五月天冠佑 五月天怪獸 鼓鼓呂思緯 Mayday 宇宙人 李劍青 MP魔幻力量 嚴爵 丁噹 告五人 魏嘉瑩 黃奕儒,"Music_of_Asia, Pop_music, Music, Rock_music",2024-02-04 12:30:20+00,f
UCAqzHNzLTC6Vm5UYE7xw_2A,健康2.0,@tvbshealth20,2015-09-30 08:23:29,https://yt3.ggpht.com/H4rJeuU2IO8RX5pYmnTcRWBpMSaRBTSfV5rguU3rw-vOQRBoBttb79PN4ZkoVaked77XSjj5=s800-c-k-c0x00ffffff-no-rj,"每週六、日下午1點、晚間6點  TVBS(56)
由主持人鄭凱云、江坤俊、韋汝以及各領域專業來賓群，帶領您一同探索健康的秘訣

●成為《健康2.0》Youtube頻道會員並獲得獎勵▶https://bit.ly/30Jyoc3
●下載健康2.0 APP👉https://bit.ly/3wva4Ei
●看更多健康文章資訊：https://health.tvbs.com.tw/
●加LINE🔍健康資訊馬上看▶http://bit.ly/2CpUdzT
●按讚FB粉絲頁：http://bit.ly/2gg2c4b
●我們也有IG囉：https://www.instagram.com/health2.0_tvbs/
",TW,"健康2.0 健康 健康兩點靈 鄭凱云 養生 料理 食譜 烹飪 TVBS 健康2.0 健康 健康兩點靈 健康20 健康2點靈 健康二點靈 鄭凱云 養生 料理 食譜 烹飪 TVBS ""health 2.0"" 醫師好辣 早安健康 健康好生活 57健康同學會 GTV健康no.1 運動 氣功 健身 江坤俊 雷議宗 麥克斯廣場舞 許藍方 瘦身 減肥 營養師 中醫 牙醫 陳欣湄 宋明樺 許書華 黃獻銘 侯鐘堡 疫苗 shorts","Society, Health, Lifestyle_(sociology)",2024-02-04 12:30:20+00,f
UC3LBFXbWtEBdOOUb8-qJm9Q,眾量級CROWD,@crowd1111,2016-09-18 06:34:15,https://yt3.ggpht.com/ytc/AIf8zZRYup0QX9NfTH5mQ1eIzofErKvn7uXb8OWFJMOXqw=s800-c-k-c0x00ffffff-no-rj,"有任何媒體和工作邀約，請聯繫群海娛樂E-Mail：
qunhaient@gmail.com",TW,眾量級CROWD 家寧+0 Andy老師 整人 PRANKS 情侶互整 巨大化 遊戲 開箱 VLOG 生活影片 3C 旅遊 情侶 夫妻 日本 韓國 華ㄒㄝ 滑雪 溫泉,"Entertainment, Lifestyle_(sociology)",2024-02-04 12:30:20+00,f
UCpSB70OL7IO7RnZCj_7MQDw,墨鏡哥SG,@sg666,2012-02-22 06:51:15,https://yt3.ggpht.com/ZqErbC0Uw23-cz9Vs5N7KqOHAQi2LsAKN-blxa9QWC7ufg5JPaN19fsaUDkSoVem49_dBm5y=s800-c-k-c0x00ffffff-no-rj,"未來將更多的推出梗圖、迷因、神對話、神留言、搞笑笑話各種無俚頭諸如此類的娛樂影片
歡樂陪你度過每一天

副頻道
🎮遊戲的在這!!↓↓↓墨鏡哥實況回歸~~
→https://reurl.cc/2m0jaX
😱喜歡鬼故事或相關系列的快來這追蹤訂閱開鈴鐺
→ https://reurl.cc/Rr5Y29
😍訂閱可愛的阿財，訂閱阿財發大財
→ https://goo.gl/HkjZkW

這個網址是個好東西→https://goo.gl/qIlaRV
自從我按下去之後考試都考87分了
尿尿也多噴8.7公分遠
推薦你也給他按下去哦=D(純潔真誠的微笑)

Youtube正式創立日期：2016/11/01",TW,墨鏡哥 梗圖 笑話 梗文 搞笑 迷因meme 忍笑大挑戰 遊戲直播 granny 冷知識,"Politics, Humour, Entertainment",2024-02-04 12:30:20+00,f
UCGbshtvS9t-8CW11W7TooQg,Muse Asia,@museasia,2014-04-24 09:46:50,https://yt3.ggpht.com/p2cg2LI1SBuY6c5dkXLhMVORpbMQ3AZGb-lmHqBaFM6qkceq2EdqDER9cRhw_KFGoBQRioia=s800-c-k-c0x00ffffff-no-rj,"Muse Communication is trusted by our clients and has been named as the agent of more than 30 well-known anime and manga copyright partners in the global anime market. The company has expanded its influence in the anime and manga community by expanding its presence in the media, becoming a strategic marketing partner for its clients, and creating licensing opportunities. We provide our clients with a wide range of professional services in licensing, distribution, development, sales, and promotion to meet all their needs and achieve benefits.

We provide clients with an all-rounded service to satisfy all your distribution needs.We work with over a hundred different entertainment platforms including internet services, TV stations, TV/OTT platforms across the whole of Asia.
",TW,Muse Anime StreamVideo Official,"Entertainment, Film",2024-02-04 12:30:20+00,t
UCGGrblndNzi86WY5lJkQJiA,cheap,@cheapaoe,2007-10-19 15:44:31,https://yt3.ggpht.com/zYwUKwCcIkZBD-VjqsOesee4fCGrvSmxmhLhlZiikS_OvL3oQja8Oq_5e8iNqix7zwNl52_tekY=s800-c-k-c0x00ffffff-no-rj,"一個好的歷史故事不外乎幾點，就是【有趣】和【真實】
但這兩者往往背道而馳，而我的任務就是做出【有趣】又【真實】的歷史

Cheap專注於各種歷史，世界史、中國史與台灣史，我都不放過
也喜歡講國際現勢與文化差異 

任何疑問都可以在歷史中找到答案，你說對吧!
",TW,歷史,"Society, Entertainment, Film, Strategy_video_game, Knowledge",2024-02-04 12:30:20+00,t
UCCsUQXwhDj4iVlhG4VCq6Kg,華研國際,@himmusic_official,2007-11-09 06:45:05,https://yt3.ggpht.com/ytc/AIf8zZTuwOe7IG38ddOQ2rYbm-cUEm88TMpEPo0P8-90=s800-c-k-c0x00ffffff-no-rj,"華研音樂官方YouTube頻道
HIM International Music's Official YouTube Channel

華研國際官方Instagram
https://www.instagram.com/himmusic_official/

華研國際FaceBook粉絲頁
https://www.facebook.com/HIMMusicOfficial/",TW,"華研 HIM 動力火車 S.H.E Selina Hebe Ella 飛輪海 辰亦儒 炎亞綸 林宥嘉 周定緯 Olivia 田馥甄 倪安東 Popu Lady 周蕙 信 F.I.R. 文慧如 Karencici 簡懿佳 曲家瑞 王子 曾之喬 郁可唯 閻奕格 ""77Ke 柯棨棋""","Music_of_Asia, Music, Pop_music",2024-02-04 12:30:20+00,t
UCCBq7s8VOCyek275uvq5lYQ,三原JAPAN Sanyuan_JAPAN,@sanyuanjapan2015,2015-09-08 13:14:48,https://yt3.ggpht.com/GpjrMPBFnOdyrUvnFbrGosnLtDhq9GBeq3fAa3K4wFYG08UDCGRpl9WENv5Sx_TRFPYvJ8yx=s800-c-k-c0x00ffffff-no-rj,"◆自我介紹◆　
我是三原慧悟。我喜歡台灣!!
長得很高可是不帥 請問這樣可以當偶像嗎？
我現在努力當台灣的超級偶像（不是搞笑藝人）

2016.06～開始在YouTube上發布影片！

我的夢想是粉絲多到能坐滿整個台北小巨蛋！
請大家訂閱我的頻道喔!!!

◆Profile◆
My name is Keigo Mihara.  I’m pretty tall, but average-looking. Can someone like me become a pop idol? 
I’m aiming to be a world-famous celebrity. 
I upload videos introducing Japanese culture! 
I hope you enjoy watching my videos and learning about Japanese culture!

◆自己紹介◆
三原慧悟です。25歳から台湾でアイドルを目指しています。
日本をちょこっとオモシロく紹介する動画を作ってます。世界中の人と友達になりたいです。

= = = = = = = = = = = = = = = = = = = =

■FB　⇒　https://www.facebook.com/MiharaKeigo/
■Inst ⇒  https://www.instagram.com/sanyuan_japan/

Please follow me!!フォローしてね!!♡

-----------------------------------------
業務工商相關請連絡我的Buddy
3yuan@capsuleinc.cc
通訊地址：CAPSULE    台北市松山區八德路三段34號15F",TW,日本 JAPAN japan 日本人 台湾 台灣 臺灣 TAIWAN 三原 3yuan 三原慧悟 SANYUAN sanyuan 變態先生 JUN 第一次 社會實驗 想念台灣,"Food, Lifestyle_(sociology), Tourism",2024-02-04 12:30:20+00,t
UCCtTgzGzQSWVzCG0xR7U-MQ,亮生活 / Bright Side,@brightside5192,2018-11-14 14:41:05,https://yt3.ggpht.com/ytc/AIf8zZSNrGvCAs1zyiA-QrmfXUharwJsZk3ExSe5RGvA1Q=s800-c-k-c0x00ffffff-no-rj,"始終關注亮生活，保持積極的態度！

",TW,"""Bright Side China"" ""Bright Side Chinese"" ""BrightSide China"" ""BrightSide Chinese"" ""BrightSide Taiwan"" ""Bright Side Taiwan"" ""BrightSide Hong Kong"" ""Bright Side Hong Kong"" 亮生活中文 中文的亮生活 亮生活台灣 台灣的亮生活 中國的亮生活 亮生活香港 香港的亮生活","Film, Lifestyle_(sociology), Entertainment",2024-02-04 12:30:20+00,t
UCw2W7GIqJNB-UMUxncnMuiw,黃阿瑪的後宮生活,@fumeancats,2015-12-29 06:27:56,https://yt3.ggpht.com/ytc/AIf8zZTQ6CXJT2d0xQIxyWa0GjkVZcu_lGyE657dpUWC=s800-c-k-c0x00ffffff-no-rj,"【黃阿瑪的後宮生活】About fumeancats 
我們都住在臺灣臺北，後宮以黃阿瑪(貓)為首，帶領其他七位後宮成員(招弟、三腳、Socles、嚕嚕、柚子、浣腸、小花) 與兩位奴才-志銘與狸貓(人)，以照片和影片分享萬睡皇朝的私密趣事，目前擁有八本著作。8cats ,  We live in Taiwan,Taipei！

【黃阿瑪的後宮生活】
官方網站：https://www.fumeanstore.com
Facebook：http://www.facebook.com/fumeancats
instagram：http://instagram.com/fumeancat/
狸貓Youtube：https://goo.gl/urHuAX
志銘Youtube：https://goo.gl/cHWBmY

【Our Book】
《貓咪超有事3》
《貓咪超有事2》
《貓咪超有事1》
《最珍惜的時光》
《等我回家的你》
《貓咪哪有那麼可愛》
《怎麼可能忘了你》
《貓永遠是對的》
《被貓咪包圍的日子》
《後宮交換日記》
《阿瑪建國史》

〔影片版權所有，盜版必究〕

—

後宮成員&生日

黃阿瑪(♂) A-ma 2007/1.7 
招弟(♀) Judy 2011/6.01
三腳(♀) Three legs 2007/8.4
Socles(♀) 2010/4.20 
嚕嚕(♂) LuLu 2007/7.14 
柚子(♂) Yu-zu 2013/09.20
浣腸(♂) Clyster 2015/04.12
小花(♀) Dudu 2019/11.1
志銘與狸貓(♂) Slave(Host)
We live in Taiwan , Love you!

後宮們都住在奴才的工作室「米花映像fumeanaction」裡，以便隨時監督奴才有沒有好好為皇朝努力做事。

【合作邀約】fumeanaction@gmail.com（歡迎來信洽談）",TW,黃阿瑪的後宮生活 fumeancats,"Lifestyle_(sociology), Pet",2024-02-04 12:30:20+00,t
UCQU5uVTG8h9LToACKrm1LMA,綜藝玩很大 Mr.Player,@mr.player,2015-03-12 10:31:51,https://yt3.ggpht.com/sDDs01qPuZXdOeIfoYKg9typXbAFpJPYx-KK3SZu6gQ8a2evhp7sX9KVW3uddcmv_5SYXgz0vg=s800-c-k-c0x00ffffff-no-rj,"關主：吳宗憲
小隊長：KID林柏昇、小鬼黃鴻升、謝坤達
每週一更新唷~
FB：https://www.facebook.com/pg/Mr.Player.tw
IG：https://www.instagram.com/mr.player.tw/

【綜藝玩很大商店】 
📍好看娛樂商城
https://reurl.cc/o7gdQg
📍蝦皮商城
https://bit.ly/3NBcs6j
📍海外商城
https://bit.ly/33Ut9I4",TW,,"Television_program, Lifestyle_(sociology), Entertainment",2024-02-04 12:30:20+00,t
UCAYrMNl92jw6cpjdpBP8JyA,Ru's Piano Ru味春捲,@ruspiano,2018-03-14 09:38:37,https://yt3.ggpht.com/ytc/AIf8zZRcq2Dk5SEN_FGdACt09BuEtNTms_er8JLQ317obJk=s800-c-k-c0x00ffffff-no-rj-mo,"I’m RuRu, an ACG pianist from Taiwan.
Making piano covers and sheets of Anime&Game music.
If you like my videos, please subscribe and share to your friends.♬

台湾のACGピアニスト ヾ(´︶`*)ﾉ♬
主にRuRuのアニソン、ゲーソンのピアノ演奏です～
チャンネル登録とシェアをよろしくお願いします！

來自台灣的ACG鋼琴家
主要音樂類型以動漫、電玩為主～
歡迎訂閱及按下小鈴鐺 |･ω･)ﾉ

🐤Join RuRu's Membership to support me create music videos

🎵Ru's Album
▶iTunes/Apple Music: https://music.apple.com/us/artist/rus-piano/1532875290
▶Spotify: https://open.spotify.com/artist/2bPmtm3V3dmYKOFReUjGCA
▶YouTube Music: https://music.youtube.com/channel/UCla8_Ce0TaG3c2SMGCb2Kag
▶amazon: https://www.amazon.com/-/zh_TW/gp/product/B08TRSJVL8

🎹 Ru's Piano Sheet Music Website：https://www.mymusicsheet.com/ruspiano 

🎵 FB Page➡️ https://www.facebook.com/ruruspiano
🎵 Instagram➡️ https://www.instagram.com/ruruspiano

🐣支持Ru's Piano🐣
▶PayPal： https://paypal.me/ruruspringroll
▶歐付寶： https://bit.ly/donateRuRuSpringRoll
▶ECPay： https://p.ecpay.com.tw/ED8DB07

🎹合作洽談/Business：rurupianomusic@gmail.com",TW,"鋼琴 Ru味春捲 ""Ru's Piano"" ""Ru Piano"" Piano ピアノ ""Anime Piano"" ""動漫 鋼琴"" Pianist ""Piano Cover"" RUsPiano 鋼琴女神 ""Cosplay Piano"" ""Cosplay 鋼琴"" ""ACG ピアノ"" ピアノ","Music_of_Asia, Music, Classical_music",2024-02-04 12:30:20+00,f
UCgDbdS9sm90CG771uznT8wg,角落動物TV Top animal world,@corner.animal,2014-01-03 07:32:53,https://yt3.ggpht.com/ytc/AIf8zZTJ5aKek25pHb8B4dFh298jv2kDof8QNNg4FHmxNQ=s800-c-k-c0x00ffffff-no-rj,"此頻道主要是紀錄台北市立動物園動物的生活紀實,目前頻道主要內容是關於貓熊一家的日常生活,2020年6月28日團團圓圓的第二個寶貝女兒誕生了,取名為圓寶,拍攝圓寶的成長過程,分享給更多喜愛貓熊,卻無法天天去看的觀眾,期望帶給所有頻道觀眾,在繁忙的日常生活中,有一個紓壓的所在



",TW,"팬더 대나무 먹는 대만동물원 パンダ 動物園 呪術廻戦 咒術迴戰 胖达 貓熊 熊貓 panda Pandam панда ပန်ဒါ ""urs panda"" പാണ്ട पांडा 台北市立動物園 Taiwan 寶寶巴士 パンダコパンダ ""We Bare Bears"" 熊熊遇見你 胖達 아기판다 판다월드 블랙핑크 귀여운동물 동물농장 福寶 愛寶 ""에버랜드 푸바오"" ""에버랜드 판다"" ""에버랜드 아기판다"" ""아기판다 푸바오"" ""푸바오 중국"" ""푸바오 뜻"" ""푸바오 예약"" ""에버랜드 판다월드""","Tourism, Lifestyle_(sociology)",2024-02-04 12:30:20+00,t
UCsyxqzJGL20zRlnmD2bkPqg,Andy & Popo,@andypopo888,2021-06-16 16:20:25.744021,https://yt3.ggpht.com/kdkh_D_PduW0L5u8y-XjXIz_aqPgQhBA6ewG710MAPdFwQONE0ibsoHNR4u1o6IWsEXDX-CA=s800-c-k-c0x00ffffff-no-rj,"Subscribe :D
Share videos to your friends!!

All the fun stuff from Andy & Popo is only on YouTube, Instagram, TikTok, and Xiaohongshu. 🌈 Please don't believe anything on other sites; they're pretending to be us! 😱

",TW,,"Entertainment, Lifestyle_(sociology)",2024-02-04 12:30:20+00,t
